advertiser_id,avg_advertiser_revenue
16,0.23567251264755518
79,0.12601168226530113
8,0.11089768812747566
2634,0.07721419056922225
2644,0.05338987751328507
90,0.03736113539262396
97,0.029020448009688084
96,0.02788300705555148
88,0.025541126099706997
139,0.0014333853760083227
84,5.78246902248738e-05
2638,0.0
2635,0.0
2637,0.0
2640,0.0
2646,0.0
2089,0.0
2641,0.0
2636,0.0
2642,0.0
2639,0.0
2645,0.0
2643,0.0
